Temperatura,Humedad,HumedadTerre,Luminosidad,PH,VelociViento
17,39,42,14,6,10
32,35,99,7,5,13
18,41,46,39,4,21
31,91,13,62,4,5
30,39,39,16,5,3
41,82,33,45,6,11
30,83,73,41,7,14
38,61,4,36,4,10
29,97,57,73,7,4
40,71,72,13,5,17
34,48,87,87,6,18
43,45,4,8,6,18
21,75,48,46,6,7
21,69,43,68,6,10
21,97,93,2,7,1
28,41,84,61,6,14
43,82,59,51,4,9
19,60,26,64,4,3
21,54,61,64,4,29
21,44,59,67,6,18
36,48,59,0,6,26
24,93,87,85,7,2
43,72,38,38,6,21
26,57,64,91,5,28
41,69,23,55,6,5
16,57,47,93,4,18
42,83,0,65,6,3
30,48,25,71,6,1
35,69,13,96,6,8
34,35,99,39,7,11
34,76,46,6,7,1
23,51,95,36,5,27
39,41,95,14,6,10
19,48,25,16,6,17
24,35,34,52,6,16
29,51,46,80,5,12
18,43,62,55,6,10
25,58,16,84,4,25
27,75,66,48,7,17
39,34,33,59,5,16
21,33,53,98,7,10
35,70,12,71,6,17
15,40,62,37,7,29
25,59,21,31,5,3
26,90,9,9,7,23
28,99,51,41,6,14
21,44,10,65,7,22
42,82,62,33,7,11
27,58,17,21,6,20
39,92,74,12,7,4
22,42,74,51,4,2
28,90,37,22,5,18
15,35,75,46,6,14
22,82,17,9,7,13
36,97,41,31,4,19
33,64,83,44,6,2
42,81,89,26,7,7
30,45,8,90,6,4
28,40,45,87,5,20
15,55,55,1,5,18
32,58,30,54,7,11
34,99,80,83,4,18
22,68,78,20,7,12
29,77,19,41,7,25
40,30,57,19,7,6
22,68,53,27,6,15
43,48,9,41,6,28
41,49,60,2,7,12
34,70,75,6,7,3
37,70,70,1,7,5
16,93,87,42,7,6
41,30,82,69,6,3
26,52,0,55,6,12
27,87,2,32,4,22
34,41,41,79,6,14
42,47,64,14,7,23
37,89,18,36,4,29
23,75,86,19,6,13
34,33,58,34,6,27
32,69,13,10,7,7
41,59,10,21,7,20
36,82,76,17,6,29
30,61,27,17,6,1
39,98,76,12,5,0
40,83,17,8,7,9
37,54,15,63,7,13
32,30,39,22,6,24
31,98,82,30,4,16
37,69,26,53,7,13
35,43,90,1,5,23
18,35,26,80,6,7
27,37,17,51,4,14
24,82,70,3,5,1
41,54,65,60,6,0
40,91,93,0,6,8
17,40,35,95,5,20
43,58,0,66,4,14
43,94,99,20,4,8
26,59,8,45,7,6
36,80,96,93,4,28
22,95,73,64,4,13
33,32,16,53,5,6
19,70,32,81,7,9
29,63,82,95,5,7
41,95,41,14,7,10
38,48,0,21,6,4
22,77,61,31,6,26
24,45,59,66,6,11
40,50,64,15,6,17
37,40,65,87,6,11
36,95,72,52,4,7
20,90,5,98,6,11
25,56,18,73,4,5
36,36,93,41,7,14
22,80,50,87,5,28
41,74,79,82,6,16
33,66,61,22,6,2
20,71,30,41,4,19
19,40,90,86,5,6
31,47,11,85,6,13
37,56,13,84,7,9
42,89,31,7,5,3
19,42,46,75,4,3
30,90,90,85,5,29
21,76,72,55,5,13
39,57,42,54,7,23
43,97,75,62,4,8
32,72,8,80,6,3
25,93,29,39,6,22
28,63,66,98,7,4
30,71,61,42,7,20
20,61,36,9,4,10
31,86,75,37,4,19
32,35,40,50,7,9
37,43,6,41,4,11
36,82,10,61,4,15
22,61,54,7,7,25
39,72,12,20,6,27
37,84,76,57,5,20
18,65,32,34,7,17
42,31,7,55,5,0
25,61,10,71,7,21
35,52,4,21,6,12
33,35,99,5,6,26
15,97,6,79,6,21
24,62,97,96,7,24
15,75,76,74,6,0
15,92,44,1,7,1
42,36,79,44,4,26
32,82,47,33,7,27
43,96,58,69,7,1
35,43,50,8,4,9
29,86,98,8,5,15
19,72,42,36,6,13
21,50,44,6,4,4
16,80,87,84,4,29
38,40,54,86,5,8
42,35,69,77,7,21
33,38,45,26,5,19
43,91,94,33,6,3
17,65,24,48,6,16
25,73,44,40,4,25
17,84,27,91,5,7
35,48,49,11,6,6
22,61,57,37,6,1
34,43,49,20,5,2
22,45,80,95,6,22
39,60,47,13,5,23
16,81,1,77,7,0
24,71,7,50,4,28
30,36,39,11,4,29
27,60,7,8,6,2
41,44,44,94,4,6
25,56,24,19,6,3
42,64,83,58,6,0
30,43,62,42,4,13
21,62,79,30,4,16
22,33,28,39,5,28
16,51,88,7,5,15
31,50,86,46,6,10
22,82,20,38,6,5
31,59,67,11,5,8
40,32,13,53,5,5
35,76,41,74,4,7
16,97,54,99,4,18
39,39,29,18,5,0
29,40,48,28,4,4
41,46,85,10,7,12
32,48,67,29,4,23
19,78,12,22,5,24
31,49,85,58,7,9
16,66,94,38,4,22
29,50,5,5,4,27
37,59,83,82,4,0
42,90,11,14,4,10
24,96,82,17,4,28
24,39,93,6,6,19
37,41,11,50,7,5
34,40,10,47,4,20
20,33,58,56,6,24
32,87,18,0,7,1
26,99,59,88,7,19
32,34,1,48,5,11
38,70,18,65,7,7
27,32,34,65,7,6
38,79,68,46,6,4
15,90,3,88,4,12
30,88,2,36,6,22
17,55,20,60,7,10
32,59,26,18,4,10
26,79,69,30,4,17
32,72,48,46,6,14
41,82,2,88,4,28
29,95,71,52,6,7
25,58,56,87,6,9
23,78,0,47,4,12
27,92,87,46,5,11
38,52,92,33,6,7
36,65,47,47,6,19
25,56,55,50,5,7
42,31,6,8,6,9
21,33,40,28,4,4
24,47,33,1,7,19
39,38,0,45,4,28
22,92,9,93,5,19
30,66,26,18,7,5
28,32,23,79,6,16
25,53,93,31,4,15
36,74,45,79,4,1
27,44,93,22,7,14
36,77,92,27,7,13
34,62,48,91,7,3
42,69,60,2,7,22
15,88,61,43,7,9
22,58,97,98,5,15
41,74,10,90,6,29
27,72,0,73,6,26
33,40,87,4,5,7
24,88,33,1,5,0
27,66,0,95,4,25
18,30,20,70,5,23
43,54,63,13,7,25
26,35,52,59,7,29
40,84,79,49,4,1
41,79,25,3,5,21
16,75,77,99,4,10
30,80,66,93,7,23
18,65,67,88,6,28
35,49,39,88,4,13
43,93,23,21,6,13
35,70,64,31,5,15
22,79,27,50,6,22
17,57,89,13,4,28
29,37,75,29,4,23
25,70,87,38,7,21
35,77,39,75,5,8
32,41,36,60,5,0
42,84,67,39,5,7
38,61,8,22,7,5
30,55,25,45,6,11
44,41,16,22,6,25
38,69,91,39,7,18
29,86,79,37,6,1
37,83,11,72,5,11
29,61,10,86,7,16
21,58,61,63,6,11
26,50,10,9,6,21
26,46,25,26,5,25
44,92,24,3,7,19
17,35,48,3,7,0
32,94,8,26,5,12
20,49,25,83,7,29
19,36,75,55,5,3
31,89,29,65,7,12
26,70,0,56,7,10
36,70,35,17,6,8
21,41,22,55,7,16
26,34,23,8,6,0
16,58,56,14,6,17
37,51,4,46,6,9
29,77,12,99,5,2
30,30,77,61,5,4
37,98,55,61,6,25
44,48,29,12,6,6
16,89,33,92,5,18
19,47,11,13,4,23
19,35,59,42,5,3
18,88,0,47,4,27
31,59,96,58,6,26
43,89,71,20,7,20
35,70,49,35,6,12
35,80,3,44,6,3
31,31,51,44,7,10
43,51,87,70,7,0
40,44,38,35,5,9
32,86,18,80,5,2
44,96,7,0,7,18
16,82,54,88,7,11
15,36,42,50,4,12
22,85,89,58,6,7
24,93,42,63,5,5
29,59,52,63,5,25
15,34,86,66,4,11
19,82,28,6,6,1
32,35,11,87,5,27
42,82,89,79,4,26
40,35,4,21,7,23
25,98,7,91,4,27
37,57,58,21,4,14
30,89,71,30,7,13
16,91,1,18,6,10
25,91,50,6,6,17
28,62,15,88,4,12
24,92,43,62,4,12
38,52,38,98,6,14
22,66,57,72,6,8
22,85,8,92,4,6
24,92,50,7,6,16
34,64,5,34,7,8
16,35,62,20,5,25
37,44,15,36,4,27
20,52,9,62,5,21
16,76,30,18,4,0
41,70,57,26,4,9
24,86,2,27,7,18
26,52,25,9,5,8
28,51,46,64,7,29
20,50,77,55,4,6
28,34,77,50,4,0
26,37,73,96,6,22
26,95,28,63,7,17
40,71,6,76,5,28
31,59,78,1,6,10
31,54,98,67,4,26
37,75,73,64,7,19
31,32,73,37,4,28
24,53,70,2,6,3
34,83,70,99,5,20
39,93,81,81,6,28
43,83,93,11,6,28
31,98,67,81,4,8
21,69,24,69,6,15
34,56,65,5,4,16
27,31,80,18,4,19
41,62,6,87,7,25
44,39,40,75,5,4
26,34,99,84,5,21
43,79,40,84,6,11
43,56,88,21,5,28
37,40,16,86,5,3
17,91,93,15,6,26
30,77,47,38,4,12
37,63,52,33,4,25
17,79,54,79,7,5
37,53,97,59,7,1
35,82,81,71,6,18
31,63,52,49,7,16
35,96,78,0,7,14
27,86,57,80,4,16
20,47,33,41,6,4
31,85,46,70,7,15
36,37,84,51,7,4
29,70,77,80,4,21
30,55,37,4,6,6
33,75,96,65,5,11
37,95,85,88,4,26
28,39,10,60,4,29
26,73,51,58,5,18
30,85,12,31,4,21
22,69,19,33,5,1
25,30,19,35,5,22
26,48,76,72,5,0
40,68,40,87,4,18
23,76,44,37,5,4
29,96,42,75,4,22
34,95,5,40,4,4
26,88,30,43,5,13
42,78,96,30,4,3
23,91,0,67,6,4
16,83,13,0,6,16
43,85,42,90,4,22
34,46,1,39,5,2
19,43,29,60,7,24
43,95,55,0,7,28
33,39,22,21,4,5
17,91,85,35,6,8
19,85,90,68,6,20
39,91,38,96,4,16
42,42,79,54,6,2
25,33,99,54,5,26
32,37,61,99,7,12
37,37,10,86,6,27
24,87,90,24,6,27
21,94,42,4,7,15
15,34,14,24,4,5
22,88,5,21,4,3
15,73,83,98,4,9
42,30,56,94,6,15
39,74,85,11,4,5
40,73,75,79,5,13
18,40,36,35,5,16
30,50,60,58,6,13
36,63,72,95,5,16
18,48,15,85,4,21
27,57,20,48,6,1
39,58,43,77,4,21
35,37,26,16,4,23
34,78,70,80,4,8
42,75,38,34,4,20
18,69,52,76,7,10
25,33,79,5,6,7
17,35,80,70,4,17
21,62,80,41,6,14
28,61,73,85,7,2
30,48,48,50,5,29
39,75,65,2,7,24
28,62,45,23,6,2
20,42,75,31,5,15
33,85,14,56,7,14
40,83,47,19,6,16
24,50,98,28,6,9
43,64,24,23,7,4
39,56,48,89,6,22
16,65,81,22,5,24
30,35,5,36,5,19
20,87,4,50,4,15
34,94,75,92,7,28
15,36,23,66,4,2
42,91,85,33,6,13
18,92,52,13,6,18
35,43,35,17,5,20
38,50,24,95,4,21
27,54,1,89,5,29
35,92,45,9,4,17
38,75,48,9,5,16
34,77,72,41,4,16
25,72,1,47,6,26
29,44,47,68,5,8
33,90,18,9,4,4
43,98,83,32,4,21
19,31,59,66,5,20
30,63,99,57,4,25
22,97,10,23,6,7
22,64,47,97,4,8
27,87,95,24,5,7
43,89,17,64,7,28
29,38,95,32,6,11
36,82,78,18,7,29
27,34,23,34,5,10
31,58,35,10,5,19
44,34,37,81,4,29
23,68,5,27,4,19
38,78,56,95,6,21
17,60,11,99,5,17
21,76,38,42,6,6
35,80,68,49,7,17
16,42,88,21,5,29
44,93,46,70,6,23
40,78,59,49,7,28
38,74,24,40,4,11
18,55,35,25,4,25
21,89,7,93,7,14
28,45,99,51,4,24
33,37,61,28,5,27
39,51,37,62,6,6
20,56,13,54,5,15
24,31,71,52,4,11
30,51,56,17,5,7
20,88,96,66,5,24
21,50,76,21,4,12
38,41,19,43,6,1
38,53,74,0,7,3
35,49,63,70,7,2
36,84,78,96,5,29
44,86,12,56,4,11
38,96,66,37,4,26
27,69,66,97,7,4
22,33,10,28,4,27
43,83,6,86,5,24
15,60,66,89,6,8
30,96,69,24,4,10
38,54,63,94,7,16
34,48,14,51,5,5
26,48,16,62,6,8
40,32,74,94,5,15
20,30,71,5,5,24
40,74,17,41,4,1
15,98,74,51,7,20
29,71,21,79,4,29
26,72,68,41,6,11
19,92,35,25,7,29
18,99,96,25,4,21
27,82,21,83,5,21
28,73,82,36,5,3
19,95,44,86,6,13
18,45,47,28,4,4
20,39,6,83,5,12
42,39,40,73,5,17
29,95,49,30,7,11
38,31,87,27,5,4
27,71,92,1,4,2
20,82,20,12,6,5
28,62,49,55,4,15
18,64,14,68,4,6
17,85,23,68,7,25
28,87,22,85,4,5
31,63,33,95,5,2
26,70,73,76,5,11
41,61,14,72,6,0
18,43,75,30,6,18
18,79,21,85,4,27
39,88,27,4,5,11
44,75,3,84,5,22
24,39,45,14,7,22
24,94,31,88,4,24
36,83,19,12,7,12
19,89,86,3,7,2
36,84,71,29,4,18
41,87,47,64,6,24
29,79,20,22,7,19
19,33,30,81,4,19
33,48,72,98,4,23
30,70,41,99,4,12
17,96,31,53,4,21
37,83,2,38,6,20
33,68,60,4,5,4
32,60,31,71,4,7
24,71,79,33,5,21
36,35,14,54,5,20
24,49,97,38,4,14
27,88,70,0,5,26
17,53,65,70,7,18
38,56,83,86,6,28
24,42,33,34,6,2
24,54,71,43,6,16
25,96,33,55,4,18
28,63,48,62,6,12
43,62,18,56,6,18
40,50,63,97,6,27
28,84,19,25,6,24
44,86,37,2,4,11
34,95,6,28,4,24
27,40,38,0,5,0
23,53,5,67,5,22
38,36,84,27,5,9
20,95,36,98,5,19
18,43,10,9,6,25
24,81,60,68,5,4
31,87,50,0,4,9
37,37,18,20,5,25
25,99,76,54,7,23
39,35,77,30,5,3
38,68,91,56,6,14
20,63,44,39,5,7
21,99,81,7,7,3
35,60,13,14,4,1
20,82,62,18,7,14
24,37,35,43,5,18
35,32,62,17,5,28
27,88,98,2,4,10
15,48,84,7,6,22
37,62,17,9,7,1
36,75,64,11,4,7
24,38,89,19,6,26
36,49,15,48,7,16
22,86,11,27,7,28
40,58,56,38,6,26
33,79,93,87,6,29
42,69,15,6,5,16
39,48,41,10,5,11
37,45,90,76,6,2
16,52,48,22,7,4
38,38,21,19,5,4
16,66,43,0,5,25
23,45,6,6,5,26
33,80,31,61,5,25
21,66,21,57,7,3
26,57,99,4,4,23
27,65,56,63,7,23
39,59,70,37,6,16
21,37,5,36,7,13
35,36,24,30,7,26
17,88,34,75,4,28
43,82,49,47,5,23
33,35,31,73,4,18
30,80,22,61,5,16
16,96,56,8,5,10
17,63,55,96,7,27
35,34,98,35,7,12
41,89,32,44,7,18
23,70,98,54,7,10
34,88,34,64,5,24
20,45,14,93,4,2
19,57,96,32,4,29
43,36,94,73,6,8
43,83,37,56,6,28
24,44,47,75,4,15
29,89,99,88,4,23
40,80,47,2,5,1
38,86,79,6,5,14
27,33,19,95,5,21
19,94,77,26,5,4
36,95,10,57,7,14
23,41,60,16,6,19
27,80,26,32,7,1
19,86,72,42,4,10
33,85,99,55,4,4
27,88,41,52,6,7
36,98,95,23,4,20
44,99,3,47,7,24
27,30,51,95,7,20
30,39,25,83,5,28
37,32,98,16,7,16
35,56,54,46,4,29
19,96,54,18,7,2
42,52,99,47,6,3
38,66,25,19,6,18
34,50,82,80,4,7
37,49,51,32,4,24
43,92,60,37,6,5
33,72,84,31,5,8
37,48,70,53,4,6
27,66,9,27,4,0
21,33,64,84,5,23
43,68,43,30,4,26
26,87,24,4,6,17
43,61,41,54,4,12
17,45,61,75,7,21
26,52,4,60,6,17
18,76,13,93,5,4
24,98,29,11,6,22
37,65,92,5,6,4
31,31,57,92,7,18
39,44,6,71,7,2
40,68,45,81,4,18
38,96,82,50,5,23
41,60,92,76,6,10
19,41,63,84,7,25
17,63,82,31,4,12
41,91,83,64,7,25
33,39,76,72,5,3
44,70,30,33,6,13
26,44,9,11,6,25
21,56,4,71,5,24
16,83,75,35,7,2
33,33,86,52,5,22
31,52,5,38,7,10
33,82,51,24,7,19
38,81,70,89,6,9
36,77,91,70,7,16
44,64,26,90,4,1
34,75,7,91,6,7
40,73,78,28,5,8
19,64,47,20,5,25
19,30,61,83,7,5
19,94,85,47,4,26
22,92,33,10,5,0
23,76,34,45,5,7
24,82,83,46,6,3
41,52,63,97,6,15
34,76,92,53,6,28
26,82,91,31,6,1
40,56,51,41,5,6
38,55,25,85,5,2
35,92,46,9,5,27
37,41,3,85,5,9
24,58,25,26,4,7
44,86,43,42,6,0
38,60,74,31,6,16
40,87,43,54,6,3
40,77,33,88,4,14
43,86,29,23,5,16
20,30,67,36,5,13
31,92,85,43,7,29
29,62,30,21,4,24
34,62,58,56,5,6
17,48,92,27,6,5
34,65,3,3,7,23
26,79,11,93,7,24
28,95,3,12,5,8
37,47,50,94,5,21
34,37,22,16,7,28
34,43,51,28,5,19
43,58,54,52,5,10
24,36,23,96,5,20
16,74,70,10,5,13
35,58,91,42,5,4
44,81,9,22,5,23
41,78,92,69,4,25
26,59,32,47,6,16
17,44,25,97,6,8
20,83,83,5,7,3
29,68,97,42,5,25
18,52,44,92,4,12
16,61,66,10,7,0
29,86,8,31,7,2
20,55,6,78,5,16
17,50,46,29,4,2
24,74,64,40,6,10
16,37,10,19,7,24
27,85,85,20,7,19
35,95,83,83,4,8
20,92,2,8,4,3
39,55,43,28,4,22
25,35,64,54,7,24
26,60,32,32,5,13
30,50,14,83,6,14
34,32,94,10,6,27
35,94,4,75,6,17
33,80,13,56,7,9
39,93,79,3,6,29
27,31,97,50,4,12
19,47,29,19,5,13
20,65,55,58,5,22
28,42,93,56,4,26
18,77,62,46,7,8
20,51,99,23,7,11
33,90,97,64,5,15
24,80,6,41,5,26
30,48,69,39,5,4
43,68,78,94,6,29
22,50,48,75,7,0
26,46,69,44,4,1
41,98,75,42,6,5
19,97,74,22,6,14
43,94,9,32,5,0
38,56,54,96,7,16
20,96,57,52,5,27
41,79,10,11,7,8
36,40,72,8,4,7
44,66,66,99,6,5
37,65,68,25,7,22
39,91,58,42,5,1
20,34,40,87,4,25
19,76,36,13,7,23
16,73,37,43,6,4
44,87,76,4,4,17
27,66,67,61,6,28
21,49,34,76,4,26
28,59,6,4,6,0
31,43,88,32,5,23
20,76,67,1,5,11
34,75,45,71,6,17
44,52,39,83,7,10
34,39,5,82,6,7
25,73,7,24,6,28
19,98,89,9,6,21
22,83,33,48,6,2
35,35,63,90,7,7
27,73,13,63,7,16
26,35,28,10,7,11
33,86,95,49,6,23
43,43,84,45,5,6
40,57,60,6,5,27
18,90,63,31,7,3
27,30,92,24,6,22
22,88,56,13,5,23
41,37,38,15,7,18
44,67,93,84,5,7
36,72,88,60,6,26
21,86,21,42,5,25
26,44,9,91,6,12
40,94,24,80,7,3
25,41,50,91,4,27
19,44,34,89,4,12
24,90,3,69,4,28
41,91,12,90,5,25
26,75,33,37,4,3
38,75,15,7,5,3
35,58,42,14,4,27
29,30,72,93,6,19
24,31,67,42,6,19
41,44,77,62,4,6
35,52,58,38,4,13
27,77,34,14,4,28
34,90,1,23,4,29
40,95,23,43,7,22
33,36,63,42,7,12
23,95,84,77,5,28
20,91,17,88,6,3
35,69,49,23,7,13
24,88,70,64,6,25
35,69,12,90,6,4
28,59,43,44,4,19
44,81,57,75,4,17
39,33,81,75,7,11
30,41,2,18,6,15
31,82,38,98,5,8
32,66,66,71,7,1
42,59,85,72,7,20
24,59,39,17,4,8
17,91,82,23,4,13
34,92,78,61,7,14
39,43,9,80,4,11
25,91,52,37,6,12
39,95,53,6,6,29
35,68,32,26,7,22
23,85,2,98,7,14
20,31,98,18,7,0
18,79,62,62,7,13
27,75,84,22,6,6
38,81,31,80,5,8
30,71,7,8,6,10
24,62,32,90,7,6
18,85,33,16,7,29
21,83,10,17,5,18
17,96,66,62,4,5
27,66,54,48,7,3
43,77,80,5,5,18
28,92,99,56,7,3
20,95,84,0,7,10
34,89,23,16,7,21
24,90,77,91,5,7
37,97,41,94,4,12
26,52,79,67,7,15
39,99,21,78,4,11
16,58,40,5,5,11
16,83,95,69,7,19
31,72,34,43,7,23
21,62,17,64,5,29
20,34,84,17,7,18
29,78,5,75,5,3
21,90,74,12,5,23
41,76,15,11,4,26
44,56,85,14,5,8
41,85,84,99,6,13
17,62,21,20,6,19
18,68,88,33,7,25
42,68,44,83,4,25
15,74,76,3,6,24
16,42,45,6,6,9
39,91,84,8,4,28
33,62,97,97,6,23
39,44,7,20,6,20
26,46,38,59,4,8
28,43,91,30,7,26
35,96,38,84,5,22
20,37,21,18,6,5
23,69,88,62,5,1
19,33,2,26,5,27
32,32,7,36,5,21
42,58,39,27,4,21
19,97,51,66,5,12
40,82,62,37,4,2
35,72,90,45,5,1
36,97,23,82,7,16
27,79,66,57,7,25
36,56,97,67,5,27
17,75,18,91,7,24
28,61,50,5,4,2
24,57,34,51,6,26
18,34,56,28,6,21
19,59,94,19,7,16
28,67,73,32,6,5
41,99,47,66,5,25
15,69,40,75,4,15
16,96,79,46,7,21
26,59,12,70,5,29
36,63,70,60,7,5
41,62,4,96,4,10
28,98,84,9,6,19
19,44,38,20,6,20
37,30,48,33,7,20
29,84,28,96,6,2
23,30,63,43,6,9
40,97,71,34,4,7
33,87,52,35,4,8
35,97,85,77,4,7
38,85,9,99,6,25
34,91,45,43,4,6
16,84,22,4,4,22
33,59,4,57,7,26
31,37,26,54,4,3
28,72,98,37,4,0
17,82,49,72,5,24
26,49,16,61,7,2
24,33,28,48,5,3
44,33,77,20,6,16
32,83,52,69,7,21
39,40,54,83,5,11
37,76,19,8,6,13
43,99,42,40,4,4
27,60,90,3,5,16
28,63,12,75,5,5
19,88,30,45,5,9
33,53,74,22,7,15
20,62,93,91,7,4
29,63,58,4,6,1
33,77,95,5,5,12
27,84,29,53,5,8
30,83,66,8,5,8
23,80,60,19,4,26
42,33,39,22,4,4
32,76,98,7,7,2
44,37,31,64,7,29
43,90,40,42,6,21
36,50,18,65,6,3
18,73,3,0,4,17
34,99,73,65,5,13
33,90,70,97,4,5
27,35,46,57,4,12
36,32,34,18,6,11
22,74,41,98,6,21
26,38,12,10,5,13
31,92,41,49,4,6
42,79,27,67,7,1
29,41,14,49,5,18
17,34,78,17,6,0
17,43,98,24,5,21
30,70,19,89,5,13
34,68,38,21,5,17
22,89,31,3,4,19
30,57,83,26,6,1
24,57,88,9,4,11
15,79,32,8,4,17
16,69,64,96,6,5
35,74,79,41,5,4
22,84,82,43,6,29
23,73,89,79,7,3
36,66,12,16,6,0
18,36,94,44,6,22
17,96,8,43,5,8
38,83,68,16,6,17
26,81,45,92,6,22
38,83,54,51,6,5
17,81,43,22,5,8
29,54,57,33,7,28
41,34,13,85,4,13
23,76,98,43,6,1
28,98,65,86,5,26
42,50,84,53,6,8
44,37,69,89,7,19
37,36,43,87,7,29
39,95,89,28,5,21
41,44,92,28,7,14
43,89,73,89,4,12
42,77,10,20,6,16
36,63,22,17,6,12
18,66,19,66,5,25
37,40,91,40,6,24
20,52,93,1,6,19
35,67,36,53,5,11
43,87,54,51,6,9
39,72,16,96,6,24
16,42,53,28,4,7
28,45,17,6,5,3
21,69,63,30,5,8
39,45,49,26,7,24
24,63,30,54,7,21
33,79,95,35,5,6
19,77,7,48,5,3
24,55,73,70,5,14
15,36,59,90,6,16
38,98,26,30,4,18
28,32,83,62,7,21
34,79,88,52,7,22
39,38,74,43,6,5
31,95,8,22,7,18
28,66,19,16,7,8
32,72,34,6,6,22
35,55,56,13,5,13
18,91,13,16,5,28
17,48,2,12,7,26
22,80,12,13,6,3
19,71,73,1,4,13
15,52,55,99,4,19
27,35,31,24,6,11
33,95,50,15,6,15
35,38,6,91,7,8
16,70,26,62,6,29
28,74,20,13,6,22
35,96,38,41,5,24
25,80,82,81,7,17
39,69,25,13,7,21
31,64,33,38,4,6
31,31,10,9,7,2
29,46,26,18,7,11
32,68,27,6,6,16
24,67,96,54,7,12
41,55,42,80,7,28
22,30,92,26,5,11
21,43,69,1,7,12
17,91,64,53,5,24
39,87,54,70,4,27
26,86,83,6,5,3
29,67,56,5,6,29
40,99,57,72,6,6
26,90,46,91,4,2
35,63,26,62,5,8
31,83,36,71,5,7
31,66,5,35,6,7
42,45,86,39,7,20
37,85,48,54,6,8
29,67,99,98,7,15
15,32,15,92,4,16
17,86,21,62,5,23
28,35,25,68,4,23
20,94,30,17,4,3
23,47,89,51,4,16
28,75,29,6,6,21
